<?xml version="1.0" encoding="UTF-8" standalone="yes"?>
<files xmlns="http://apstandard.com/ns/1" xmlns:ns2="http://www.w3.org/2000/09/xmldsig#">
    <file name="scripts/subscription_service.php" size="2179" sha256="a7cf42fd93a8a93aa89ef32b8bec0cc0eece459eedfa21f35a84034102a89694"/>
    <file name="scripts/utils.php" size="918" sha256="771e69301bc36c73b0747a582cd16217f42924e27eda2853fdb33fbe3daef617"/>
    <file name="scripts/application.php" size="543" sha256="829a8248e766b7bb59aaeaa58fd288db80a47e006580fc2b1b711180712f7ced"/>
    <file name="scripts/city.php" size="4098" sha256="71b7261cf9c868b82a9a87b0ab8930d96fc7f423ed73975476c2b14c085cc17f"/>
    <file name="ui/js/city.edit.js" size="2601" sha256="e0d307a04da8e1ae641f19beed1449fd89b073cd09ab2271957405d245e75d32"/>
    <file name="ui/js/city.json" size="193" sha256="37f11d9a3902b02456cc93a38eca574525d07dcdce987a30a4c604425bd1a101"/>
    <file name="ui/js/cities.js" size="5691" sha256="a657c3d1bcd06548e2a4c3b8aa6200dcb7e47d19360e9db6941fcc92f617c650"/>
    <file name="ui/js/city.add.js" size="2505" sha256="ab40f3ee09c4248e30f0c054f94924daac5ff3e72d207db3ab31ea49a0672636"/>
    <file name="ui/city.edit.html" size="168" sha256="5ccb7fcc69b7da60480defef8f7510e57f4ff8a7d761da3da747950e29eb5650"/>
    <file name="ui/cities.html" size="165" sha256="bf890ad4ee5452aaf4b993d1c3acf179ce15ec14cce25d7717b6bae77b82eda0"/>
    <file name="ui/city.add.html" size="167" sha256="e43d6586f09845b0e74da3f64e3514fcc63b2d2d32f34cc94dd55f3c8dde5c40"/>
    <file name="schemas/application.schema.gen" size="609" sha256="bfdce7927efc30b6cb1fc0781c315a9b340bd8d629d9c00b3bd3149ef3f7d5ee"/>
    <file name="schemas/subscription_service.schema.gen" size="1175" sha256="39456709a769b7d529da706528f9a13291816de4bf1456b3ac30e051945d58e9"/>
    <file name="schemas/city.schema.gen" size="1044" sha256="a454b8aa69f26a660e90587d4eba0e2e18cab5151e0b0787b9076f185d88a74d"/>
    <file name="APP-META.xml" size="1938" sha256="dafc83fa05383b2955a9e99316dc3c7b0606153aa72eb9f043910250ffdddc24"/>
</files>
