<?xml version="1.0" encoding="UTF-8" standalone="yes"?>
<files xmlns="http://apstandard.com/ns/1" xmlns:ns2="http://www.w3.org/2000/09/xmldsig#">
    <file name="scripts/subscription_service.php" size="2179" sha256="a7cf42fd93a8a93aa89ef32b8bec0cc0eece459eedfa21f35a84034102a89694"/>
    <file name="scripts/utils.php" size="918" sha256="771e69301bc36c73b0747a582cd16217f42924e27eda2853fdb33fbe3daef617"/>
    <file name="scripts/application.php" size="543" sha256="829a8248e766b7bb59aaeaa58fd288db80a47e006580fc2b1b711180712f7ced"/>
    <file name="scripts/city.php" size="4422" sha256="52bb410bb06e2330ecad7f8224d0b6befd2f0603b0e03ae5d5158f981ada87f9"/>
    <file name="ui/js/city.edit.js" size="2618" sha256="d2a680b4f514b80ef5b565a01d6dbf8bcda6bcc69bec192cc61c8527083dc10a"/>
    <file name="ui/js/city.json" size="193" sha256="37f11d9a3902b02456cc93a38eca574525d07dcdce987a30a4c604425bd1a101"/>
    <file name="ui/js/cities.js" size="5657" sha256="0d7d1c0f50ee27f9eb13da355b223ebc5a1df1ba880aa379be07f0d83b7837a9"/>
    <file name="ui/js/city.add.js" size="2574" sha256="74965a80794e59779918326619df4e9e9f505682d627266b2d85bc0a8ee7e6f6"/>
    <file name="ui/js/displayError.js" size="649" sha256="3771a34f116c25d2dc058eb82cce44b9edef953cdc1716a7b433d24b20ba2c76"/>
    <file name="ui/city.edit.html" size="168" sha256="5ccb7fcc69b7da60480defef8f7510e57f4ff8a7d761da3da747950e29eb5650"/>
    <file name="ui/cities.html" size="165" sha256="bf890ad4ee5452aaf4b993d1c3acf179ce15ec14cce25d7717b6bae77b82eda0"/>
    <file name="ui/city.add.html" size="167" sha256="e43d6586f09845b0e74da3f64e3514fcc63b2d2d32f34cc94dd55f3c8dde5c40"/>
    <file name="schemas/application.schema.gen" size="609" sha256="bfdce7927efc30b6cb1fc0781c315a9b340bd8d629d9c00b3bd3149ef3f7d5ee"/>
    <file name="schemas/subscription_service.schema.gen" size="1175" sha256="39456709a769b7d529da706528f9a13291816de4bf1456b3ac30e051945d58e9"/>
    <file name="schemas/city.schema.gen" size="1131" sha256="fdf4dd3b0403b44cd8bfc8fac0ccf458d87a566508670ceac6412c2854593a69"/>
    <file name="APP-META.xml" size="1938" sha256="834de40ecec883c2d9fe2a7c4c45e0c96284642850af08ba5348bae0fa4bce9e"/>
</files>
